"pc_1";"cluster";"score(cluster_0)";"score(cluster_1)";"score(cluster_2)";"score(cluster_3)";"score(cluster_4)"
-3000.5622071330836;"Noise";5800.0138047737655;3799.9867262812445;799.9887064404625;2800.0052360354503;1799.9909996905103
2799.4515976406824;"cluster_0";0.0;1999.969625750858;4999.979422374162;2999.980002441086;4000.0007773840434
2799.4515976406824;"cluster_0";0.0;1999.969625750858;4999.979422374162;2999.980002441086;4000.0007773840434
-4200.570690799171;"Noise";7000.022288439854;4999.995209947331;1999.9971901065496;4000.0137197015374;2999.9994833565975
-4200.570690799171;"Noise";7000.022288439854;4999.995209947331;1999.9971901065496;4000.0137197015374;2999.9994833565975
-4200.570703582144;"Noise";7000.022301222827;4999.995222730305;1999.9972028895231;4000.013732484511;2999.999496139571
-3700.5617261842604;"Noise";6500.013323824943;4499.986245332421;1499.9882254916392;3500.004755086627;2499.990518741687
799.4657373550211;"cluster_1";1999.9858602856611;0.0;2999.9935620885008;999.9941421554246;2000.0149170983823
799.4657373550211;"cluster_1";1999.9858602856611;0.0;2999.9935620885008;999.9941421554246;2000.0149170983823
799.4657373550211;"cluster_1";1999.9858602856611;0.0;2999.9935620885008;999.9941421554246;2000.0149170983823
799.4245191481608;"cluster_1";2000.0270784925215;0.0;2999.9523438816404;999.9529239485643;1999.973698891522
799.4657373550211;"cluster_1";1999.9858602856611;0.0;2999.9935620885008;999.9941421554246;2000.0149170983823
799.4245191481608;"cluster_1";2000.0270784925215;0.0;2999.9523438816404;999.9529239485643;1999.973698891522
799.4245202312229;"cluster_1";2000.0270774094595;0.0;2999.952344964702;999.9529250316264;1999.9736999745842
799.4245202312229;"cluster_1";2000.0270774094595;0.0;2999.952344964702;999.9529250316264;1999.9736999745842
799.4245202312229;"cluster_1";2000.0270774094595;0.0;2999.952344964702;999.9529250316264;1999.9736999745842
-3200.562873216244;"Noise";6000.014470856926;3999.987392364405;999.9893725236229;3000.0059021186107;1999.9916657736708
799.4245353573075;"cluster_1";2000.027062283375;0.0;2999.952360090787;999.9529401577109;1999.9737151006689
-3200.5628862217163;"Noise";6000.014483862398;3999.9874053698773;999.9893855290952;3000.005915124083;1999.991678779143
799.4658262962681;"cluster_1";1999.9857713444144;0.0;2999.9936510297475;999.9942310966716;2000.0150060396295
799.465825213206;"cluster_1";1999.9857724274764;0.0;2999.9936499466858;999.9942300136095;2000.0150049565673
799.465825213206;"cluster_1";1999.9857724274764;0.0;2999.9936499466858;999.9942300136095;2000.0150049565673
799.465825213206;"cluster_1";1999.9857724274764;0.0;2999.9936499466858;999.9942300136095;2000.0150049565673
799.465825213206;"cluster_1";1999.9857724274764;0.0;2999.9936499466858;999.9942300136095;2000.0150049565673
799.4658241301439;"cluster_1";1999.9857735105384;0.0;2999.9936488636235;999.9942289305474;2000.015003873505
799.4754144953306;"cluster_1";1999.9761831453518;0.0;3000.0032392288103;1000.003819295734;2000.0245942386919
799.4658241301439;"cluster_1";1999.9857735105384;0.0;2999.9936488636235;999.9942289305474;2000.015003873505
799.4658230470817;"cluster_1";1999.9857745936006;0.0;2999.9936477805613;999.9942278474851;2000.0150027904428
799.4658230470817;"cluster_1";1999.9857745936006;0.0;2999.9936477805613;999.9942278474851;2000.0150027904428
799.4658230470817;"cluster_1";1999.9857745936006;0.0;2999.9936477805613;999.9942278474851;2000.0150027904428
-3100.567685582082;"Noise";5900.019283222764;3899.992204730243;899.9941848894609;2900.0107144844487;1899.9964781395088
-3100.567698587555;"Noise";5900.019296228237;3899.9922177357157;899.9941978949337;2900.0107274899215;1899.9964911449815
-400.53415244104883;"Noise";3199.985750081731;1199.9586715892096;1799.9936722924308;199.97718134341537;800.0150273023124
-2200.573500692621;"cluster_2";5000.0250983333035;2999.998019840782;0.0;2000.0165295949876;1000.0022932500478
799.4659119883288;"cluster_1";1999.9856856523536;0.0;2999.993736721808;999.9943167887322;2000.01509173169
-2200.573500692621;"cluster_2";5000.0250983333035;2999.998019840782;0.0;2000.0165295949876;1000.0022932500478
-2200.573500692621;"cluster_2";5000.0250983333035;2999.998019840782;0.0;2000.0165295949876;1000.0022932500478
799.465913071391;"cluster_1";1999.9856845692914;0.0;2999.9937378048708;999.9943178717945;2000.0150928147523
799.465913071391;"cluster_1";1999.9856845692914;0.0;2999.9937378048708;999.9943178717945;2000.0150928147523
799.465913071391;"cluster_1";1999.9856845692914;0.0;2999.9937378048708;999.9943178717945;2000.0150928147523
799.4659119883288;"cluster_1";1999.9856856523536;0.0;2999.993736721808;999.9943167887322;2000.01509173169
799.4659119883288;"cluster_1";1999.9856856523536;0.0;2999.993736721808;999.9943167887322;2000.01509173169
799.4659119883288;"cluster_1";1999.9856856523536;0.0;2999.993736721808;999.9943167887322;2000.01509173169
799.4659109052667;"cluster_1";1999.9856867354156;0.0;2999.9937356387463;999.9943157056701;2000.0150906486278
799.4659119883288;"cluster_1";1999.9856856523536;0.0;2999.993736721808;999.9943167887322;2000.01509173169
799.4659109052667;"cluster_1";1999.9856867354156;0.0;2999.9937356387463;999.9943157056701;2000.0150906486278
799.4659119883288;"cluster_1";1999.9856856523536;0.0;2999.993736721808;999.9943167887322;2000.01509173169
799.4659109052667;"cluster_1";1999.9856867354156;0.0;2999.9937356387463;999.9943157056701;2000.0150906486278
799.4659119883288;"cluster_1";1999.9856856523536;0.0;2999.993736721808;999.9943167887322;2000.01509173169
799.4659271144135;"cluster_1";1999.985670526269;0.0;2999.993751847893;999.9943319148169;2000.0151068577748
799.4383663350613;"cluster_1";2000.013231305621;0.0;2999.966191068541;999.9667711354648;1999.9875460784226
799.4383663350613;"cluster_1";2000.013231305621;0.0;2999.966191068541;999.9667711354648;1999.9875460784226
-2200.573412834436;"cluster_2";5000.0250104751185;2999.997931982597;0.0;2000.0164417368026;1000.0022053918628
799.4659998465138;"cluster_1";1999.9855977941686;0.0;2999.993824579993;999.9944046469172;2000.015179589875
-2200.573412834436;"cluster_2";5000.0250104751185;2999.997931982597;0.0;2000.0164417368026;1000.0022053918628
-2200.573412834436;"cluster_2";5000.0250104751185;2999.997931982597;0.0;2000.0164417368026;1000.0022053918628
799.4659987634516;"cluster_1";1999.9855988772308;0.0;2999.9938234969313;999.994403563855;2000.0151785068128
-2200.573412834436;"cluster_2";5000.0250104751185;2999.997931982597;0.0;2000.0164417368026;1000.0022053918628
-2200.573412834436;"cluster_2";5000.0250104751185;2999.997931982597;0.0;2000.0164417368026;1000.0022053918628
799.4659987634516;"cluster_1";1999.9855988772308;0.0;2999.9938234969313;999.994403563855;2000.0151785068128
-2200.573412834436;"cluster_2";5000.0250104751185;2999.997931982597;0.0;2000.0164417368026;1000.0022053918628
-2200.573412834436;"cluster_2";5000.0250104751185;2999.997931982597;0.0;2000.0164417368026;1000.0022053918628
-2200.5734150005605;"cluster_2";5000.025012641243;2999.9979341487215;0.0;2000.016443902927;1000.0022075579873
-2200.5734150005605;"cluster_2";5000.025012641243;2999.9979341487215;0.0;2000.016443902927;1000.0022075579873
-2200.5734150005605;"cluster_2";5000.025012641243;2999.9979341487215;0.0;2000.016443902927;1000.0022075579873
-2200.5734150005605;"cluster_2";5000.025012641243;2999.9979341487215;0.0;2000.016443902927;1000.0022075579873
-200.55697109763346;"cluster_3";3000.0085687383157;999.9814902457942;1999.970853635846;0.0;999.9922086457278
-2200.5733239387014;"cluster_2";5000.024921579384;2999.9978430868623;0.0;2000.0163528410678;1000.0021164961281
-1700.5545879843519;"Noise";4500.006185625034;2499.9791071325126;499.97323674912764;1499.9976168867183;499.9833805417786
-1700.5545879843519;"Noise";4500.006185625034;2499.9791071325126;499.97323674912764;1499.9976168867183;499.9833805417786
-2200.5733271423755;"cluster_2";5000.024924783058;2999.9978462905365;0.0;2000.016356044742;1000.0021196998023
-2200.5733271423755;"cluster_2";5000.024924783058;2999.9978462905365;0.0;2000.016356044742;1000.0021196998023
-2200.5733271423755;"cluster_2";5000.024924783058;2999.9978462905365;0.0;2000.016356044742;1000.0021196998023
-2200.5733271423755;"cluster_2";5000.024924783058;2999.9978462905365;0.0;2000.016356044742;1000.0021196998023
-2200.5733260593133;"cluster_2";5000.024923699995;2999.9978452074743;0.0;2000.0163549616798;1000.0021186167401
-2200.5733260593133;"cluster_2";5000.024923699995;2999.9978452074743;0.0;2000.0163549616798;1000.0021186167401
-2200.5733260593133;"cluster_2";5000.024923699995;2999.9978452074743;0.0;2000.0163549616798;1000.0021186167401
-2200.5733260593133;"cluster_2";5000.024923699995;2999.9978452074743;0.0;2000.0163549616798;1000.0021186167401
-2200.5733260593133;"cluster_2";5000.024923699995;2999.9978452074743;0.0;2000.0163549616798;1000.0021186167401
-2200.5733260593133;"cluster_2";5000.024923699995;2999.9978452074743;0.0;2000.0163549616798;1000.0021186167401
-2000.570414893876;"Noise";4800.022012534559;2799.9949340420367;199.95740983960354;1800.0134437962424;799.9992074513027
-2000.570414893876;"Noise";4800.022012534559;2799.9949340420367;199.95740983960354;1800.0134437962424;799.9992074513027
-1600.563790449935;"Noise";4400.015388090617;2399.988309598096;599.9640342835446;1400.0068193523014;399.99258300736165
-1600.563790449935;"Noise";4400.015388090617;2399.988309598096;599.9640342835446;1400.0068193523014;399.99258300736165
799.4524569125462;"cluster_1";1999.9991407281364;0.0;2999.9802816460256;999.9808617129496;2000.0016366559075
-200.54792784435736;"cluster_3";2999.9995254850396;999.9724469925181;1999.979896889122;0.0;1000.0012518990039
-2200.545806888396;"cluster_2";4999.997404529078;2999.970326036557;0.0;1999.9888357907623;999.9745994458226
-2200.545806888396;"cluster_2";4999.997404529078;2999.970326036557;0.0;1999.9888357907623;999.9745994458226
-2200.545807971458;"cluster_2";4999.997405612141;2999.970327119619;0.0;1999.9888368738245;999.9746005288848
-2200.545807971458;"cluster_2";4999.997405612141;2999.970327119619;0.0;1999.9888368738245;999.9746005288848
-2200.545807971458;"cluster_2";4999.997405612141;2999.970327119619;0.0;1999.9888368738245;999.9746005288848
-2200.545807971458;"cluster_2";4999.997405612141;2999.970327119619;0.0;1999.9888368738245;999.9746005288848
799.4524569125462;"cluster_1";1999.9991407281364;0.0;2999.9802816460256;999.9808617129496;2000.0016366559075
-3900.5434215933547;"Noise";6699.995019234037;4699.967940741515;1699.9699209007335;3699.9864504957213;2699.9722141507814
-200.5478389486226;"cluster_3";2999.999436589305;999.9723580967834;1999.979985784857;0.0;1000.0013407947387
-200.54783998617242;"cluster_3";2999.9994376268546;999.9723591343333;1999.979984747307;0.0;1000.0013397571888
-200.54784106923455;"cluster_3";2999.999438709917;999.9723602173954;1999.979983664245;0.0;1000.0013386741267
-200.54783998617242;"cluster_3";2999.9994376268546;999.9723591343333;1999.979984747307;0.0;1000.0013397571888
-200.54783861102865;"cluster_3";2999.999436251711;999.9723577591894;1999.9799861224508;0.0;1000.0013411323326
-200.54783861102865;"cluster_3";2999.999436251711;999.9723577591894;1999.9799861224508;0.0;1000.0013411323326
-200.54783969409078;"cluster_3";2999.999437334773;999.9723588422517;1999.9799850393888;0.0;1000.0013400492705
-200.54783969409078;"cluster_3";2999.999437334773;999.9723588422517;1999.9799850393888;0.0;1000.0013400492705
-200.55231570327365;"cluster_3";3000.003913343956;999.9768348514344;1999.9755090302058;0.0;999.9968640400876
-2400.567730671819;"Noise";5200.019328312501;3199.99224981998;199.99422997919783;2200.0107595741856;1199.9965232292457
-200.54782456800615;"cluster_3";2999.9994222086884;999.972343716167;1999.9800001654735;0.0;1000.0013551753551
-2400.5677436772917;"Noise";5200.019341317974;3199.9922628254526;199.99424298467056;2200.0107725796584;1199.9965362347184
-3000.5613137476184;"Noise";5800.012911388301;3799.9858328957794;799.9878130549973;2800.004342649985;1799.9901063050452
-200.53780102126404;"cluster_3";2999.9893986619463;999.9623201694249;1999.9900237122156;0.0;1000.0113787220972
-200.53780102126404;"cluster_3";2999.9893986619463;999.9623201694249;1999.9900237122156;0.0;1000.0113787220972
799.4539009261924;"cluster_1";1999.9976967144898;0.0;2999.981725659672;999.9823057265959;2000.0030806695536
-200.54775429411174;"cluster_3";2999.999351934794;999.9722734422726;1999.9800704393679;0.0;1000.0014254492495
799.4539009261924;"cluster_1";1999.9976967144898;0.0;2999.981725659672;999.9823057265959;2000.0030806695536
-200.54775429411174;"cluster_3";2999.999351934794;999.9722734422726;1999.9800704393679;0.0;1000.0014254492495
799.4539009261924;"cluster_1";1999.9976967144898;0.0;2999.981725659672;999.9823057265959;2000.0030806695536
-200.54775429411174;"cluster_3";2999.999351934794;999.9722734422726;1999.9800704393679;0.0;1000.0014254492495
-200.54775429411174;"cluster_3";2999.999351934794;999.9722734422726;1999.9800704393679;0.0;1000.0014254492495
-200.54775429411174;"cluster_3";2999.999351934794;999.9722734422726;1999.9800704393679;0.0;1000.0014254492495
-200.54775429411174;"cluster_3";2999.999351934794;999.9722734422726;1999.9800704393679;0.0;1000.0014254492495
-200.54775429411174;"cluster_3";2999.999351934794;999.9722734422726;1999.9800704393679;0.0;1000.0014254492495
-200.54775429411174;"cluster_3";2999.999351934794;999.9722734422726;1999.9800704393679;0.0;1000.0014254492495
-200.54775429411174;"cluster_3";2999.999351934794;999.9722734422726;1999.9800704393679;0.0;1000.0014254492495
-200.54775429411174;"cluster_3";2999.999351934794;999.9722734422726;1999.9800704393679;0.0;1000.0014254492495
-200.54775429411174;"cluster_3";2999.999351934794;999.9722734422726;1999.9800704393679;0.0;1000.0014254492495
-200.54775429411174;"cluster_3";2999.999351934794;999.9722734422726;1999.9800704393679;0.0;1000.0014254492495
-200.54775429411174;"cluster_3";2999.999351934794;999.9722734422726;1999.9800704393679;0.0;1000.0014254492495
799.4526276443114;"cluster_1";1999.998969996371;0.0;2999.980452377791;999.9810324447149;2000.0018073876727
799.4539887843773;"cluster_1";1999.997608856305;0.0;2999.9818135178566;999.9823935847808;2000.0031685277386
-200.5476664359268;"cluster_3";2999.999264076609;999.9721855840876;1999.9801582975526;0.0;1000.0015133074345
799.4539887843773;"cluster_1";1999.997608856305;0.0;2999.9818135178566;999.9823935847808;2000.0031685277386
799.4539887843773;"cluster_1";1999.997608856305;0.0;2999.9818135178566;999.9823935847808;2000.0031685277386
-200.5476664359268;"cluster_3";2999.999264076609;999.9721855840876;1999.9801582975526;0.0;1000.0015133074345
799.4539887843773;"cluster_1";1999.997608856305;0.0;2999.9818135178566;999.9823935847808;2000.0031685277386
799.4539887843773;"cluster_1";1999.997608856305;0.0;2999.9818135178566;999.9823935847808;2000.0031685277386
-200.5476664359268;"cluster_3";2999.999264076609;999.9721855840876;1999.9801582975526;0.0;1000.0015133074345
799.4539887843773;"cluster_1";1999.997608856305;0.0;2999.9818135178566;999.9823935847808;2000.0031685277386
799.4539887843773;"cluster_1";1999.997608856305;0.0;2999.9818135178566;999.9823935847808;2000.0031685277386
-200.5476664359268;"cluster_3";2999.999264076609;999.9721855840876;1999.9801582975526;0.0;1000.0015133074345
799.4539909505016;"cluster_1";1999.9976066901809;0.0;2999.981815683981;999.9823957509051;2000.003170693863
-200.5476664359268;"cluster_3";2999.999264076609;999.9721855840876;1999.9801582975526;0.0;1000.0015133074345
799.4539909505016;"cluster_1";1999.9976066901809;0.0;2999.981815683981;999.9823957509051;2000.003170693863
-200.5476664359268;"cluster_3";2999.999264076609;999.9721855840876;1999.9801582975526;0.0;1000.0015133074345
799.4539909505016;"cluster_1";1999.9976066901809;0.0;2999.981815683981;999.9823957509051;2000.003170693863
-200.5476664359268;"cluster_3";2999.999264076609;999.9721855840876;1999.9801582975526;0.0;1000.0015133074345
-200.5476664359268;"cluster_3";2999.999264076609;999.9721855840876;1999.9801582975526;0.0;1000.0015133074345
799.4540060765863;"cluster_1";1999.9975915640962;0.0;2999.9818308100657;999.9824108769898;2000.0031858199477
-3900.5431482784998;"Noise";6699.994745919183;4699.96766742666;1699.9696475858786;3699.9861771808664;2699.9719408359265
799.4540787631743;"cluster_1";1999.9975188775081;0.0;2999.981903496654;999.9824835635777;2000.0032585065355
-3200.562035018194;"Noise";6000.013632658876;3999.986554166355;999.9885343255728;3000.0050639205606;1999.9908275756206
-1700.554103086103;"Noise";4500.005700726785;2499.9786222342636;499.9737216473766;1499.9971319884694;499.9828956435297
299.4706962170664;"Noise";2499.980901423616;499.9538229310944;2499.9985209505458;499.9991010174699;1500.0198759604277
299.4706962170664;"Noise";2499.980901423616;499.9538229310944;2499.9985209505458;499.9991010174699;1500.0198759604277
799.4540766425623;"cluster_1";1999.99752099812;0.0;2999.9819013760416;999.9824814429658;2000.0032563859236
799.4540766425623;"cluster_1";1999.99752099812;0.0;2999.9819013760416;999.9824814429658;2000.0032563859236
799.4540766425623;"cluster_1";1999.99752099812;0.0;2999.9819013760416;999.9824814429658;2000.0032563859236
799.4540766425623;"cluster_1";1999.99752099812;0.0;2999.9819013760416;999.9824814429658;2000.0032563859236
799.4540766425623;"cluster_1";1999.99752099812;0.0;2999.9819013760416;999.9824814429658;2000.0032563859236
799.4540766425623;"cluster_1";1999.99752099812;0.0;2999.9819013760416;999.9824814429658;2000.0032563859236
799.4540766425623;"cluster_1";1999.99752099812;0.0;2999.9819013760416;999.9824814429658;2000.0032563859236
799.4540766425623;"cluster_1";1999.99752099812;0.0;2999.9819013760416;999.9824814429658;2000.0032563859236
799.4540766425623;"cluster_1";1999.99752099812;0.0;2999.9819013760416;999.9824814429658;2000.0032563859236
99.44838196989947;"Noise";2700.003215670783;699.9761371782613;2299.976206703379;299.97678677030297;1299.9975617132607
99.44838196989947;"Noise";2700.003215670783;699.9761371782613;2299.976206703379;299.97678677030297;1299.9975617132607
799.4816914271254;"cluster_1";1999.969906213557;0.0;3000.009516160605;1000.0100962275288;2000.0308711704865
-1000.5369861133817;"Noise";3799.988583754064;1799.9615052615425;1199.9908386200977;799.9800150157482;200.0121936299796
-1200.5500566404387;"cluster_4";4000.001654281121;1999.9745757885994;999.9777680930408;999.9930855428053;0.0
-1200.5500566404387;"cluster_4";4000.001654281121;1999.9745757885994;999.9777680930408;999.9930855428053;0.0
799.4817916984123;"cluster_1";1999.96980594227;0.0;3000.009616431892;1000.0101964988157;2000.0309714417735
799.4795536938209;"cluster_1";1999.9720439468615;0.0;3000.0073784273004;1000.0079584942243;2000.0287334371822
799.4817916984123;"cluster_1";1999.96980594227;0.0;3000.009616431892;1000.0101964988157;2000.0309714417735
799.4817927814744;"cluster_1";1999.9698048592081;0.0;3000.009617514954;1000.0101975818778;2000.0309725248358
799.4817927814744;"cluster_1";1999.9698048592081;0.0;3000.009617514954;1000.0101975818778;2000.0309725248358
799.4817927814744;"cluster_1";1999.9698048592081;0.0;3000.009617514954;1000.0101975818778;2000.0309725248358
-1200.5584345198527;"cluster_4";4000.010032160535;1999.9829536680136;999.9693902136269;1000.0014634222192;0.0
799.481877390473;"cluster_1";1999.9697202502093;0.0;3000.0097021239526;1000.0102821908764;2000.031057133834
799.481877390473;"cluster_1";1999.9697202502093;0.0;3000.0097021239526;1000.0102821908764;2000.031057133834
799.481877390473;"cluster_1";1999.9697202502093;0.0;3000.0097021239526;1000.0102821908764;2000.031057133834
799.481877390473;"cluster_1";1999.9697202502093;0.0;3000.0097021239526;1000.0102821908764;2000.031057133834
799.481877390473;"cluster_1";1999.9697202502093;0.0;3000.0097021239526;1000.0102821908764;2000.031057133834
799.481877390473;"cluster_1";1999.9697202502093;0.0;3000.0097021239526;1000.0102821908764;2000.031057133834
-2200.557935725608;"cluster_2";5000.00953336629;2999.982454873769;0.0;2000.0009646279743;999.9867282830346
-2200.557935725608;"cluster_2";5000.00953336629;2999.982454873769;0.0;2000.0009646279743;999.9867282830346
52799.41864826288;"Noise";49999.93506200949;51999.93667637306;54999.94647299636;52999.94705306328;53999.96782800624
-1200.5583455786057;"cluster_4";4000.0099432192883;1999.9828647267664;999.9694791548739;1000.0013744809722;0.0
-1200.5576690197536;"cluster_4";4000.009266660436;1999.9821881679145;999.970155713726;1000.0006979221201;0.0
-1200.5583477447299;"cluster_4";4000.0099453854123;1999.9828668928908;999.9694769887496;1000.0013766470964;0.0
-1200.5576690197536;"cluster_4";4000.009266660436;1999.9821881679145;999.970155713726;1000.0006979221201;0.0
-1200.5583466616677;"cluster_4";4000.00994430235;1999.9828658098286;999.9694780718119;1000.0013755640342;0.0
-1200.5583477447299;"cluster_4";4000.0099453854123;1999.9828668928908;999.9694769887496;1000.0013766470964;0.0
-1200.5583477447299;"cluster_4";4000.0099453854123;1999.9828668928908;999.9694769887496;1000.0013766470964;0.0
-1200.5583477447299;"cluster_4";4000.0099453854123;1999.9828668928908;999.9694769887496;1000.0013766470964;0.0
-1200.5583477447299;"cluster_4";4000.0099453854123;1999.9828668928908;999.9694769887496;1000.0013766470964;0.0
-1200.5583477447299;"cluster_4";4000.0099453854123;1999.9828668928908;999.9694769887496;1000.0013766470964;0.0
-1200.5583477447299;"cluster_4";4000.0099453854123;1999.9828668928908;999.9694769887496;1000.0013766470964;0.0
-1200.5583477447299;"cluster_4";4000.0099453854123;1999.9828668928908;999.9694769887496;1000.0013766470964;0.0
-1200.5583477447299;"cluster_4";4000.0099453854123;1999.9828668928908;999.9694769887496;1000.0013766470964;0.0
-1200.5583477447299;"cluster_4";4000.0099453854123;1999.9828668928908;999.9694769887496;1000.0013766470964;0.0
799.4819588843517;"cluster_1";1999.9696387563308;0.0;3000.009783617831;1000.0103636847551;2000.031138627713
799.4819588843517;"cluster_1";1999.9696387563308;0.0;3000.009783617831;1000.0103636847551;2000.031138627713
-400.55872629717675;"Noise";3200.010323937859;1199.9832454453376;1799.9690984363028;200.00175519954328;799.9904534461846
-400.53239475874835;"Noise";3199.983992399431;1199.9569139069092;1799.9954299747312;199.9754236611149;800.016784984613
799.4819578468018;"cluster_1";1999.9696397938806;0.0;3000.0097825802814;1000.0103626472053;2000.031137590163
799.4819578468018;"cluster_1";1999.9696397938806;0.0;3000.0097825802814;1000.0103626472053;2000.031137590163
799.4819578468018;"cluster_1";1999.9696397938806;0.0;3000.0097825802814;1000.0103626472053;2000.031137590163
799.4819578468018;"cluster_1";1999.9696397938806;0.0;3000.0097825802814;1000.0103626472053;2000.031137590163
799.4819567637397;"cluster_1";1999.9696408769428;0.0;3000.009781497219;1000.0103615641432;2000.031136507101
799.4819578468018;"cluster_1";1999.9696397938806;0.0;3000.0097825802814;1000.0103626472053;2000.031137590163
799.4819567637397;"cluster_1";1999.9696408769428;0.0;3000.009781497219;1000.0103615641432;2000.031136507101
799.4819567637397;"cluster_1";1999.9696408769428;0.0;3000.009781497219;1000.0103615641432;2000.031136507101
799.4819567637397;"cluster_1";1999.9696408769428;0.0;3000.009781497219;1000.0103615641432;2000.031136507101
799.4819567637397;"cluster_1";1999.9696408769428;0.0;3000.009781497219;1000.0103615641432;2000.031136507101
799.4819567637397;"cluster_1";1999.9696408769428;0.0;3000.009781497219;1000.0103615641432;2000.031136507101
799.4819567637397;"cluster_1";1999.9696408769428;0.0;3000.009781497219;1000.0103615641432;2000.031136507101
799.4819718898243;"cluster_1";1999.969625750858;0.0;3000.009796623304;1000.0103766902278;2000.0311516331856
-1200.5583347392571;"cluster_4";4000.0099323799395;1999.982853887418;999.9694899942224;1000.0013636416237;0.0
-1200.5575811615688;"cluster_4";4000.009178802251;1999.9821003097295;999.9702435719107;1000.0006100639354;0.0
-1200.5582598865449;"cluster_4";4000.0098575272273;1999.9827790347058;999.9695648469346;1000.0012887889114;0.0
-1200.5582588034829;"cluster_4";4000.009856444165;1999.9827779516436;999.9695659299966;1000.0012877058494;0.0
-1200.5582598865449;"cluster_4";4000.0098575272273;1999.9827790347058;999.9695648469346;1000.0012887889114;0.0
-1200.5575811615688;"cluster_4";4000.009178802251;1999.9821003097295;999.9702435719107;1000.0006100639354;0.0
-1200.5582588034829;"cluster_4";4000.009856444165;1999.9827779516436;999.9695659299966;1000.0012877058494;0.0
-1200.5575811615688;"cluster_4";4000.009178802251;1999.9821003097295;999.9702435719107;1000.0006100639354;0.0
-1200.5582588034829;"cluster_4";4000.009856444165;1999.9827779516436;999.9695659299966;1000.0012877058494;0.0
-1200.5575811615688;"cluster_4";4000.009178802251;1999.9821003097295;999.9702435719107;1000.0006100639354;0.0
-1200.5582588034829;"cluster_4";4000.009856444165;1999.9827779516436;999.9695659299966;1000.0012877058494;0.0
-1200.5575811615688;"cluster_4";4000.009178802251;1999.9821003097295;999.9702435719107;1000.0006100639354;0.0
-1200.5582588034829;"cluster_4";4000.009856444165;1999.9827779516436;999.9695659299966;1000.0012877058494;0.0
-1200.5575811615688;"cluster_4";4000.009178802251;1999.9821003097295;999.9702435719107;1000.0006100639354;0.0
-1200.5582588034829;"cluster_4";4000.009856444165;1999.9827779516436;999.9695659299966;1000.0012877058494;0.0
-1200.5575811615688;"cluster_4";4000.009178802251;1999.9821003097295;999.9702435719107;1000.0006100639354;0.0
-1200.5582588034829;"cluster_4";4000.009856444165;1999.9827779516436;999.9695659299966;1000.0012877058494;0.0
-1200.5582598865449;"cluster_4";4000.0098575272273;1999.9827790347058;999.9695648469346;1000.0012887889114;0.0
-1200.5575800785066;"cluster_4";4000.009177719189;1999.9820992266673;999.9702446549729;1000.0006089808732;0.0
-1200.5582588034829;"cluster_4";4000.009856444165;1999.9827779516436;999.9695659299966;1000.0012877058494;0.0
-1200.5582598865449;"cluster_4";4000.0098575272273;1999.9827790347058;999.9695648469346;1000.0012887889114;0.0
-1200.5575800785066;"cluster_4";4000.009177719189;1999.9820992266673;999.9702446549729;1000.0006089808732;0.0
-1200.5582588034829;"cluster_4";4000.009856444165;1999.9827779516436;999.9695659299966;1000.0012877058494;0.0
-1200.5582598865449;"cluster_4";4000.0098575272273;1999.9827790347058;999.9695648469346;1000.0012887889114;0.0
-1200.5575800785066;"cluster_4";4000.009177719189;1999.9820992266673;999.9702446549729;1000.0006089808732;0.0
-1200.5582588034829;"cluster_4";4000.009856444165;1999.9827779516436;999.9695659299966;1000.0012877058494;0.0
-1200.5575800785066;"cluster_4";4000.009177719189;1999.9820992266673;999.9702446549729;1000.0006089808732;0.0
-1200.5582588034829;"cluster_4";4000.009856444165;1999.9827779516436;999.9695659299966;1000.0012877058494;0.0
-2200.5578044643653;"cluster_2";5000.009402105048;2999.982323612526;0.0;2000.0008333667317;999.986597021792
-1200.5582620071568;"cluster_4";4000.009859647839;1999.9827811553178;999.9695627263227;1000.0012909095234;0.0
-1200.558263090219;"cluster_4";4000.0098607309014;1999.98278223838;999.9695616432605;1000.0012919925856;0.0
-1200.5712074425733;"cluster_4";4000.0228050832557;1999.9957265907342;999.9566172909063;1000.0142363449398;0.0
-1200.5712074425733;"cluster_4";4000.0228050832557;1999.9957265907342;999.9566172909063;1000.0142363449398;0.0
-1200.5574933033838;"cluster_4";4000.009090944066;1999.9820124515445;999.9703314300957;1000.0005222057504;0.0
-1200.5574933033838;"cluster_4";4000.009090944066;1999.9820124515445;999.9703314300957;1000.0005222057504;0.0
-1200.5574933033838;"cluster_4";4000.009090944066;1999.9820124515445;999.9703314300957;1000.0005222057504;0.0
-1200.5574933033838;"cluster_4";4000.009090944066;1999.9820124515445;999.9703314300957;1000.0005222057504;0.0
-1200.5574943864458;"cluster_4";4000.009092027128;1999.9820135346067;999.9703303470337;1000.0005232888124;0.0
-1200.5574943864458;"cluster_4";4000.009092027128;1999.9820135346067;999.9703303470337;1000.0005232888124;0.0
-1200.5574943864458;"cluster_4";4000.009092027128;1999.9820135346067;999.9703303470337;1000.0005232888124;0.0
-1200.5574943864458;"cluster_4";4000.009092027128;1999.9820135346067;999.9703303470337;1000.0005232888124;0.0
-1200.557496507058;"cluster_4";4000.00909414774;1999.9820156552187;999.9703282264215;1000.0005254094245;0.0
-1200.557496507058;"cluster_4";4000.00909414774;1999.9820156552187;999.9703282264215;1000.0005254094245;0.0
-1700.549488098023;"Noise";4500.001085738705;2499.9740072461836;499.97833663545657;1499.9925170003894;499.9782806554497
-3700.5368859978103;"Noise";6499.988483638493;4499.961405145971;1499.9633853051891;3499.979914900177;2499.965678555237
2799.4833270110785;"cluster_0";0.0;2000.0013551212542;5000.011151744558;3000.011731811482;4000.03250675444
-3700.5368859978103;"Noise";6499.988483638493;4499.961405145971;1499.9633853051891;3499.979914900177;2499.965678555237
2799.4833954109304;"cluster_0";0.0;2000.001423521106;5000.01122014441;3000.011800211334;4000.0325751542914
2799.483412703139;"cluster_0";0.0;2000.0014408133147;5000.011237436618;3000.0118175035427;4000.0325924465005
2799.483411620077;"cluster_0";0.0;2000.0014397302525;5000.011236353556;3000.0118164204805;4000.032591363438
2799.483411620077;"cluster_0";0.0;2000.0014397302525;5000.011236353556;3000.0118164204805;4000.032591363438
2799.483411620077;"cluster_0";0.0;2000.0014397302525;5000.011236353556;3000.0118164204805;4000.032591363438
2799.483411620077;"cluster_0";0.0;2000.0014397302525;5000.011236353556;3000.0118164204805;4000.032591363438
2799.4833954109304;"cluster_0";0.0;2000.001423521106;5000.01122014441;3000.011800211334;4000.0325751542914
2799.4834105370146;"cluster_0";0.0;2000.0014386471903;5000.011235270495;3000.0118153374183;4000.032590280376
2799.4834105370146;"cluster_0";0.0;2000.0014386471903;5000.011235270495;3000.0118153374183;4000.032590280376
-3500.5189368556307;"Noise";6299.970534496313;4299.943456003792;1299.9454361630096;3299.9619657579974;2299.9477294130575
-3500.5189368556307;"Noise";6299.970534496313;4299.943456003792;1299.9454361630096;3299.9619657579974;2299.9477294130575
2799.483485389727;"cluster_0";0.0;2000.0015134999026;5000.011310123206;3000.0118901901305;4000.032665133088
-2200.572078091305;"cluster_2";5000.023675731987;2999.9965972394657;0.0;2000.0151069936712;1000.0008706487315
2799.483484352177;"cluster_0";0.0;2000.0015124623528;5000.011309085657;3000.011889152581;4000.032664095538
2799.4834983951996;"cluster_0";0.0;2000.0015265053753;5000.01132312868;3000.0119031956033;4000.032678138561
2799.483499478262;"cluster_0";0.0;2000.0015275884375;5000.011324211741;3000.0119042786655;4000.032679221623
2799.483499478262;"cluster_0";0.0;2000.0015275884375;5000.011324211741;3000.0119042786655;4000.032679221623
2799.483484352177;"cluster_0";0.0;2000.0015124623528;5000.011309085657;3000.011889152581;4000.032664095538
2799.483499478262;"cluster_0";0.0;2000.0015275884375;5000.011324211741;3000.0119042786655;4000.032679221623
2799.483499478262;"cluster_0";0.0;2000.0015275884375;5000.011324211741;3000.0119042786655;4000.032679221623
2799.483499478262;"cluster_0";0.0;2000.0015275884375;5000.011324211741;3000.0119042786655;4000.032679221623
2799.483499478262;"cluster_0";0.0;2000.0015275884375;5000.011324211741;3000.0119042786655;4000.032679221623
2799.4834983951996;"cluster_0";0.0;2000.0015265053753;5000.01132312868;3000.0119031956033;4000.032678138561
2799.483499478262;"cluster_0";0.0;2000.0015275884375;5000.011324211741;3000.0119042786655;4000.032679221623
2799.4834983951996;"cluster_0";0.0;2000.0015265053753;5000.01132312868;3000.0119031956033;4000.032678138561
2799.4834983951996;"cluster_0";0.0;2000.0015265053753;5000.01132312868;3000.0119031956033;4000.032678138561
2799.483499478262;"cluster_0";0.0;2000.0015275884375;5000.011324211741;3000.0119042786655;4000.032679221623
93699.44363248762;"Noise";90899.96004623424;92899.9616605978;95899.9714572211;93899.97203728803;94899.99281223098
2799.483499478262;"cluster_0";0.0;2000.0015275884375;5000.011324211741;3000.0119042786655;4000.032679221623
2799.4834983951996;"cluster_0";0.0;2000.0015265053753;5000.01132312868;3000.0119031956033;4000.032678138561
2799.4834983951996;"cluster_0";0.0;2000.0015265053753;5000.01132312868;3000.0119031956033;4000.032678138561
-2200.5719934823064;"cluster_2";5000.023591122988;2999.9965126304674;0.0;2000.0150223846729;1000.0007860397332
-2200.5719934823064;"cluster_2";5000.023591122988;2999.9965126304674;0.0;2000.0150223846729;1000.0007860397332
-2200.5719934823064;"cluster_2";5000.023591122988;2999.9965126304674;0.0;2000.0150223846729;1000.0007860397332
-2200.5719934823064;"cluster_2";5000.023591122988;2999.9965126304674;0.0;2000.0150223846729;1000.0007860397332
-1200.5491797433613;"cluster_4";4000.0007773840434;1999.973698891522;999.9786449901183;999.9922086457278;0.0
2799.4835862533846;"cluster_0";0.0;2000.0016143635603;5000.011410986865;3000.0119910537883;4000.032765996746
2799.4835851703224;"cluster_0";0.0;2000.001613280498;5000.011409903802;3000.011989970726;4000.0327649136834
2799.4835851703224;"cluster_0";0.0;2000.001613280498;5000.011409903802;3000.011989970726;4000.0327649136834
-1200.5575615267308;"cluster_4";4000.009159167413;1999.9820806748917;999.9702632067488;1000.0005904290973;0.0
-1200.5575615267308;"cluster_4";4000.009159167413;1999.9820806748917;999.9702632067488;1000.0005904290973;0.0
-1200.557562609793;"cluster_4";4000.0091602504754;1999.982081757954;999.9702621236866;1000.0005915121595;0.0
-1200.557562609793;"cluster_4";4000.0091602504754;1999.982081757954;999.9702621236866;1000.0005915121595;0.0
-1200.557562609793;"cluster_4";4000.0091602504754;1999.982081757954;999.9702621236866;1000.0005915121595;0.0
-1200.557562609793;"cluster_4";4000.0091602504754;1999.982081757954;999.9702621236866;1000.0005915121595;0.0
-2200.5719056241214;"cluster_2";5000.023503264803;2999.9964247722824;0.0;2000.0149345264879;1000.0006981815482
-2200.5719056241214;"cluster_2";5000.023503264803;2999.9964247722824;0.0;2000.0149345264879;1000.0006981815482
-2200.5719056241214;"cluster_2";5000.023503264803;2999.9964247722824;0.0;2000.0149345264879;1000.0006981815482
-2200.5718156453245;"cluster_2";5000.023413286007;2999.9963347934854;0.0;2000.014844547691;1000.0006082027512
-2200.571819932061;"cluster_2";5000.023417572744;2999.996339080222;0.0;2000.0148488344273;1000.0006124894876
-2200.571819932061;"cluster_2";5000.023417572744;2999.996339080222;0.0;2000.0148488344273;1000.0006124894876
-2200.5718188489986;"cluster_2";5000.023416489681;2999.9963379971596;0.0;2000.014847751365;1000.0006114064254
-2200.5718188489986;"cluster_2";5000.023416489681;2999.9963379971596;0.0;2000.014847751365;1000.0006114064254
-2200.571819932061;"cluster_2";5000.023417572744;2999.996339080222;0.0;2000.0148488344273;1000.0006124894876
-2200.5718188489986;"cluster_2";5000.023416489681;2999.9963379971596;0.0;2000.014847751365;1000.0006114064254
-2200.5718188489986;"cluster_2";5000.023416489681;2999.9963379971596;0.0;2000.014847751365;1000.0006114064254
-2200.5718177659364;"cluster_2";5000.023415406618;2999.9963369140974;0.0;2000.0148466683029;1000.0006103233632
-2200.571819932061;"cluster_2";5000.023417572744;2999.996339080222;0.0;2000.0148488344273;1000.0006124894876
-2200.5718177659364;"cluster_2";5000.023415406618;2999.9963369140974;0.0;2000.0148466683029;1000.0006103233632
-2200.571819932061;"cluster_2";5000.023417572744;2999.996339080222;0.0;2000.0148488344273;1000.0006124894876
-2200.5718177659364;"cluster_2";5000.023415406618;2999.9963369140974;0.0;2000.0148466683029;1000.0006103233632
-2200.571819932061;"cluster_2";5000.023417572744;2999.996339080222;0.0;2000.0148488344273;1000.0006124894876
-2200.571819932061;"cluster_2";5000.023417572744;2999.996339080222;0.0;2000.0148488344273;1000.0006124894876
-2200.5718188489986;"cluster_2";5000.023416489681;2999.9963379971596;0.0;2000.014847751365;1000.0006114064254
-2200.571732073876;"cluster_2";5000.023329714559;2999.996251222037;0.0;2000.0147609762423;1000.0005246313026
-2200.571732073876;"cluster_2";5000.023329714559;2999.996251222037;0.0;2000.0147609762423;1000.0005246313026
-2200.571732073876;"cluster_2";5000.023329714559;2999.996251222037;0.0;2000.0147609762423;1000.0005246313026
-2200.571732073876;"cluster_2";5000.023329714559;2999.996251222037;0.0;2000.0147609762423;1000.0005246313026
-2200.571732073876;"cluster_2";5000.023329714559;2999.996251222037;0.0;2000.0147609762423;1000.0005246313026
-2200.571732073876;"cluster_2";5000.023329714559;2999.996251222037;0.0;2000.0147609762423;1000.0005246313026
-2200.571733156938;"cluster_2";5000.0233307976205;2999.996252305099;0.0;2000.0147620593045;1000.0005257143648
-2200.5278247334795;"cluster_2";4999.979422374162;2999.9523438816404;0.0;1999.970853635846;999.9566172909063
-2200.5278247334795;"cluster_2";4999.979422374162;2999.9523438816404;0.0;1999.970853635846;999.9566172909063
2799.480334647251;"cluster_0";0.0;1999.9983627574265;5000.00815938073;3000.0087394476545;4000.0295143906123
2799.480334647251;"cluster_0";0.0;1999.9983627574265;5000.00815938073;3000.0087394476545;4000.0295143906123
-200.52859455979586;"cluster_3";2999.980192200478;999.9531137079566;1999.9992301736836;0.0;1000.0205851835653
-200.52858051677336;"cluster_3";2999.9801781574556;999.9530996649341;1999.999244216706;0.0;1000.0205992265879
-200.52858051677336;"cluster_3";2999.9801781574556;999.9530996649341;1999.999244216706;0.0;1000.0205992265879
-200.52858051677336;"cluster_3";2999.9801781574556;999.9530996649341;1999.999244216706;0.0;1000.0205992265879
-200.52858051677336;"cluster_3";2999.9801781574556;999.9530996649341;1999.999244216706;0.0;1000.0205992265879
-200.52858051677336;"cluster_3";2999.9801781574556;999.9530996649341;1999.999244216706;0.0;1000.0205992265879
-200.52857943371123;"cluster_3";2999.9801770743934;999.953098581872;1999.9992452997683;0.0;1000.02060030965
-200.52857943371123;"cluster_3";2999.9801770743934;999.953098581872;1999.9992452997683;0.0;1000.02060030965
-200.52857943371123;"cluster_3";2999.9801770743934;999.953098581872;1999.9992452997683;0.0;1000.02060030965
-200.5284915755263;"cluster_3";2999.980089216209;999.9530107236872;1999.9993331579533;0.0;1000.020688167835
-200.5284915755263;"cluster_3";2999.980089216209;999.9530107236872;1999.9993331579533;0.0;1000.020688167835
-200.5284915755263;"cluster_3";2999.980089216209;999.9530107236872;1999.9993331579533;0.0;1000.020688167835
-200.5284915755263;"cluster_3";2999.980089216209;999.9530107236872;1999.9993331579533;0.0;1000.020688167835
-200.5284915755263;"cluster_3";2999.980089216209;999.9530107236872;1999.9993331579533;0.0;1000.020688167835
-200.5284915755263;"cluster_3";2999.980089216209;999.9530107236872;1999.9993331579533;0.0;1000.020688167835
-200.5284199264881;"cluster_3";2999.9800175671703;999.952939074649;1999.9994048069914;0.0;1000.0207598168731
-200.52842100955024;"cluster_3";2999.9800186502325;999.952940157711;1999.9994037239294;0.0;1000.020758733811
-200.52840696652774;"cluster_3";2999.98000460721;999.9529261146886;1999.9994177669519;0.0;1000.0207727768335
-200.52840696652774;"cluster_3";2999.98000460721;999.9529261146886;1999.9994177669519;0.0;1000.0207727768335
-200.52840696652774;"cluster_3";2999.98000460721;999.9529261146886;1999.9994177669519;0.0;1000.0207727768335
-200.52840696652774;"cluster_3";2999.98000460721;999.9529261146886;1999.9994177669519;0.0;1000.0207727768335
-200.52840480040348;"cluster_3";2999.980002441086;999.9529239485643;1999.999419933076;0.0;1000.0207749429578
-200.52840480040348;"cluster_3";2999.980002441086;999.9529239485643;1999.999419933076;0.0;1000.0207749429578
-200.5284058834656;"cluster_3";2999.980003524148;999.9529250316264;1999.9994188500139;0.0;1000.0207738598956
-200.52840480040348;"cluster_3";2999.980002441086;999.9529239485643;1999.999419933076;0.0;1000.0207749429578
-200.5284058834656;"cluster_3";2999.980003524148;999.9529250316264;1999.9994188500139;0.0;1000.0207738598956
-200.5284058834656;"cluster_3";2999.980003524148;999.9529250316264;1999.9994188500139;0.0;1000.0207738598956
-200.52840480040348;"cluster_3";2999.980002441086;999.9529239485643;1999.999419933076;0.0;1000.0207749429578
-200.5284058834656;"cluster_3";2999.980003524148;999.9529250316264;1999.9994188500139;0.0;1000.0207738598956
-200.5284058834656;"cluster_3";2999.980003524148;999.9529250316264;1999.9994188500139;0.0;1000.0207738598956
-200.5284058834656;"cluster_3";2999.980003524148;999.9529250316264;1999.9994188500139;0.0;1000.0207738598956
